{
  "best_metric": 0.6096579476861167,
  "best_model_checkpoint": "results/text-classification/roberta-large/checkpoint-1168",
  "epoch": 1.9995721009841678,
  "global_step": 1168,
  "is_hyper_param_search": false,
  "is_local_process_zero": true,
  "is_world_process_zero": true,
  "log_history": [
    {
      "epoch": 0.86,
      "learning_rate": 1.66027397260274e-05,
      "loss": 0.6749,
      "step": 500
    },
    {
      "epoch": 1.0,
      "eval_accuracy": 0.5714285714285714,
      "eval_loss": 0.7675252556800842,
      "eval_runtime": 169.1154,
      "eval_samples_per_second": 11.755,
      "eval_steps_per_second": 1.472,
      "step": 584
    },
    {
      "epoch": 1.71,
      "learning_rate": 1.3184931506849316e-05,
      "loss": 0.6379,
      "step": 1000
    },
    {
      "epoch": 2.0,
      "eval_accuracy": 0.6096579476861167,
      "eval_loss": 0.6846431493759155,
      "eval_runtime": 175.121,
      "eval_samples_per_second": 11.352,
      "eval_steps_per_second": 1.422,
      "step": 1168
    }
  ],
  "max_steps": 2920,
  "num_train_epochs": 5,
  "total_flos": 6.968423576148787e+16,
  "trial_name": null,
  "trial_params": null
}
